"otuids"	"ERR2210980"	"ERR2210990"	"ERR2211000"	"ERR2211010"	"ERR2211020"	"ERR2211030"	"ERR2211060"	"ERR2211120"	"ERR2211180"	"ERR2211270"	"ERR2211280"	"ERR2211360"	"ERR2210991"	"ERR2211001"	"ERR2211011"	"ERR2211021"	"ERR2211031"	"ERR2211041"	"ERR2211061"	"ERR2211081"	"ERR2211101"	"ERR2211181"	"ERR2211611"	"ERR2211631"	"ERR2210992"	"ERR2211022"	"ERR2211032"	"ERR2211052"	"ERR2211062"	"ERR2211082"	"ERR2211092"	"ERR2211102"	"ERR2211272"	"ERR2211422"	"ERR2211532"	"ERR2210983"	"ERR2211033"	"ERR2211063"	"ERR2211073"	"ERR2211083"	"ERR2211093"	"ERR2211103"	"ERR2211113"	"ERR2211183"	"ERR2211203"	"ERR2211623"	"ERR2210984"	"ERR2210994"	"ERR2211064"	"ERR2211074"	"ERR2211094"	"ERR2211104"	"ERR2211114"	"ERR2211244"	"ERR2211264"	"ERR2211274"	"ERR2211354"	"ERR2210985"	"ERR2210995"	"ERR2211005"	"ERR2211075"	"ERR2211085"	"ERR2211095"	"ERR2211105"	"ERR2211195"	"ERR2211245"	"ERR2211255"	"ERR2211265"	"ERR2211275"	"ERR2211345"	"ERR2211365"	"ERR2210986"	"ERR2210996"	"ERR2211026"	"ERR2211076"	"ERR2211086"	"ERR2211096"	"ERR2211106"	"ERR2211116"	"ERR2211186"	"ERR2211206"	"ERR2211256"	"ERR2211276"	"ERR2211516"	"ERR2211556"	"ERR2210977"	"ERR2210987"	"ERR2210997"	"ERR2211017"	"ERR2211027"	"ERR2211077"	"ERR2211087"	"ERR2211097"	"ERR2211107"	"ERR2211117"	"ERR2211177"	"ERR2211197"	"ERR2211267"	"ERR2211277"	"ERR2211337"	"ERR2210978"	"ERR2210998"	"ERR2211008"	"ERR2211018"	"ERR2211088"	"ERR2211118"	"ERR2211178"	"ERR2211248"	"ERR2211268"	"ERR2211278"	"ERR2210979"	"ERR2210989"	"ERR2210999"	"ERR2211009"	"ERR2211019"	"ERR2211029"	"ERR2211079"	"ERR2211119"	"ERR2211179"	"ERR2211189"	"ERR2211209"	"ERR2211269"	"ERR2211409"
"3609950"	2421	3637	2375	5486	1698	1802	6459	2515	1579	4112	2246	0	2883	5000	2194	3218	3172	1819	1142	1575	757	884	0	0	5417	4989	5003	4678	653	669	178	557	3977	0	0	3088	7553	6373	920	1463	1362	405	936	1094	1282	0	3305	2580	3524	1683	723	1502	1070	1943	2243	2684	0	2287	4177	2825	1008	920	1135	1115	1186	1574	1259	2592	3820	0	0	1315	4233	1834	625	2392	367	2755	1628	1449	2013	2136	2821	0	0	3596	4529	3504	3546	1276	443	1710	1074	560	1465	1253	1507	2430	4289	0	2668	4306	5673	4569	1830	1723	1122	3417	2535	3464	1528	2517	2616	2147	4300	1129	688	1315	940	1305	1355	2357	0
"368218"	2895	1579	899	3166	1325	698	1987	6922	520	893	1009	0	1125	2119	958	1783	672	884	6744	3152	2824	236	0	0	3859	1522	1389	1783	227	781	402	2137	1810	0	0	3228	2675	1697	1356	1831	2525	1857	15830	182	520	0	2757	1713	783	2498	1561	2889	4209	758	1284	590	0	1035	1548	1428	1195	1499	1762	3036	284	524	416	1222	1262	0	0	886	1839	613	704	2575	849	5629	8578	396	464	693	1143	0	0	1564	2020	1666	1894	746	804	2431	1419	1865	5318	325	674	905	1508	0	1436	1875	1965	3224	2809	11941	1143	1197	510	895	1096	2085	904	1039	1989	236	1237	3534	351	1171	704	728	0
"217700"	254	547	361	781	187	223	936	219	132	375	167	0	469	780	246	466	451	213	135	84	109	56	0	0	788	704	581	737	90	82	14	37	453	0	0	385	818	871	97	227	170	44	69	63	130	0	409	365	222	103	86	140	62	102	272	268	0	280	515	369	64	130	246	181	129	103	86	106	410	0	0	143	547	222	47	131	86	325	105	70	119	126	303	0	0	296	516	441	458	175	41	181	128	57	125	72	131	293	376	0	224	533	755	564	228	206	95	101	372	296	147	352	375	299	503	118	61	186	87	163	96	256	0
"4339351"	1132	1002	1099	2143	767	727	1550	3675	391	1441	1090	0	612	2018	849	1320	884	382	806	791	985	631	0	0	1300	1743	728	1807	290	315	499	1310	1285	0	0	599	2084	2187	738	686	2489	913	5059	213	1097	0	802	537	640	959	1046	2871	2950	821	940	566	0	266	889	1090	511	482	4285	2147	555	953	1050	1635	1657	0	0	296	1958	481	366	2524	1136	4373	3910	116	992	745	898	0	0	439	571	790	870	298	264	1059	2713	993	2334	450	1306	1078	2439	0	462	963	3747	1356	1604	3538	1356	393	860	1339	331	463	2677	1859	2466	174	544	2333	369	198	1360	1630	0
"256569"	0	0	0	0	0	0	0	0	0	0	0	0	0	0	0	0	0	0	0	0	0	0	0	0	0	0	0	0	0	0	0	0	0	0	0	0	0	0	0	0	0	0	0	0	0	0	0	0	0	0	0	0	0	0	0	0	0	0	0	0	0	0	0	0	0	0	0	0	0	0	0	0	0	0	0	0	0	0	0	0	0	0	0	0	0	0	0	0	0	0	0	0	0	0	0	0	0	0	0	0	0	0	0	0	0	0	0	0	0	0	0	0	0	0	0	0	0	0	0	0	0	0	0
"112867"	5299	8664	4762	14299	6592	6332	23450	6857	4363	5016	4258	0	6343	11624	10109	13565	11442	7312	3334	2473	1729	2631	0	0	11705	19670	23344	21440	2209	973	390	843	6891	0	0	6127	32002	39618	2016	2766	2207	927	1944	4593	2298	0	7074	6448	12360	2378	1095	2124	1707	3484	2881	3993	0	6747	8972	6395	1684	2092	1459	1665	3017	3747	2710	5721	6204	0	0	2634	9813	8501	879	2321	1912	4521	4445	4207	3255	4671	5050	0	0	8371	11185	8450	14099	6097	647	3501	1399	7198	4135	4116	3717	3138	7420	0	5983	11355	14788	18740	3679	3586	1891	6384	3417	4889	3255	7103	5517	4099	14599	4494	1185	2999	2275	7979	2175	2762	0
"556561"	15	8	9	17	7	7	10	0	2	4	1	0	4	16	14	8	11	6	3	0	1	1	0	0	19	13	19	23	2	0	0	0	4	0	0	8	32	19	0	0	0	0	0	2	2	0	15	10	6	0	0	0	0	6	3	0	0	5	13	10	0	0	0	0	1	5	2	4	1	0	0	5	15	9	0	0	0	0	3	1	0	2	2	0	0	15	31	16	16	6	0	0	0	0	0	1	4	1	1	0	18	18	21	32	0	1	3	1	0	1	13	8	11	6	22	1	0	2	1	7	0	3	0
"357721"	10	16	11	33	4	4	7	1	2	6	11	0	6	25	4	3	3	4	0	6	2	1	0	0	10	4	0	7	0	0	1	0	7	0	0	13	6	6	5	6	1	0	76	0	6	0	7	8	0	8	3	5	3	4	15	13	0	9	19	13	6	3	3	3	3	3	5	72	17	0	0	9	17	2	5	4	0	11	5	1	6	1	10	0	0	8	19	14	3	1	2	4	4	3	1	2	2	19	15	0	15	15	15	6	4	3	2	10	18	12	4	12	11	9	208	1	0	1	3	3	6	5	0
"1081489"	2	4	10	8	3	1	3	6	3	4	3	0	3	9	2	1	0	0	1	2	0	1	0	0	4	2	1	3	0	0	0	0	3	0	0	1	2	4	1	1	2	1	42	2	0	0	3	2	0	1	0	0	2	6	1	1	0	2	5	6	0	0	0	0	0	1	0	20	2	0	0	0	5	1	0	2	0	5	3	2	4	5	1	0	0	7	10	4	2	0	0	0	0	0	1	2	1	5	2	0	3	6	5	1	0	9	8	6	6	2	4	57	2	4	19	0	0	5	4	17	2	1	0
"1081222"	585	423	383	1037	376	274	921	1335	221	1105	712	0	238	693	341	537	395	411	237	885	786	87	0	0	653	684	745	957	131	335	179	519	1485	0	0	440	1177	879	768	805	1041	383	301	126	458	0	573	424	294	995	640	1573	418	835	1257	503	0	400	610	602	599	574	681	764	175	591	388	1207	663	0	0	245	950	318	356	1039	209	1371	896	631	328	718	540	0	0	580	979	766	672	222	220	1087	702	351	1096	447	439	1405	821	0	526	932	1110	952	900	1040	392	771	737	610	308	529	406	282	785	156	392	404	129	945	400	851	0
"221349"	471	483	610	752	262	190	577	887	211	357	307	0	345	985	306	351	189	212	104	337	206	47	0	0	541	377	275	421	72	162	62	142	198	0	0	453	668	518	339	360	392	140	441	29	211	0	373	263	289	371	186	360	433	234	348	196	0	483	919	588	343	222	265	359	43	108	132	231	289	0	0	341	1272	143	165	426	54	734	890	163	214	184	230	0	0	756	941	1649	330	135	79	401	234	163	648	85	760	381	506	0	722	968	791	536	416	699	305	166	210	156	433	491	481	325	557	60	162	646	158	88	252	235	0
"537655"	41	28	23	75	17	11	24	49	16	53	49	0	29	54	27	16	10	12	9	27	12	5	0	0	50	37	16	27	5	8	2	0	68	0	0	52	54	31	10	22	17	3	26	5	18	0	32	27	9	19	3	30	37	45	32	42	0	25	61	46	17	6	14	16	17	37	59	88	67	0	0	22	95	10	6	29	2	38	37	36	16	70	64	0	0	50	84	53	25	7	2	18	12	4	28	28	38	56	77	0	59	65	62	29	23	60	36	53	22	42	44	40	42	22	27	3	10	33	20	23	12	42	0
"4469039"	1656	2983	1939	5537	1544	1445	5773	6533	436	2006	1585	0	2157	4465	1774	3054	3719	1673	2991	2618	1892	302	0	0	5328	4566	5107	4571	811	818	433	4066	3296	0	0	2071	8627	6335	1746	3067	4862	826	2398	504	539	0	2628	2434	2006	2031	1093	2584	2123	674	1124	942	0	1790	2741	1909	1324	1751	2299	2393	448	554	342	1030	1709	0	0	934	2989	2217	705	2179	1339	5782	4061	834	1076	847	1277	0	0	2185	3130	9252	2615	1609	730	3653	1863	1404	4574	344	1819	958	1367	0	1584	3351	4876	3820	4406	3915	289	739	1212	1577	985	2089	2213	1784	3587	1015	1439	4599	234	414	679	1267	0
"646549"	9127	8987	7234	19571	3934	3857	7333	19887	4101	5367	5393	0	6091	13241	7576	9066	2311	9677	1956	8372	9168	3226	0	0	12348	5870	4674	8621	953	3499	2262	7064	5654	0	0	9907	8437	6415	9299	12886	18383	5750	6791	1144	4255	0	8682	7282	3669	9912	8428	15341	11570	4186	5614	4591	0	5321	12813	13505	5600	6513	14001	11814	2037	2436	2923	4485	5549	0	0	3760	15295	1650	3995	23036	5649	22407	18169	1345	3862	3370	3589	0	0	7341	12432	12207	5405	1691	3299	10243	14412	6423	12688	2333	3454	9488	6214	0	7272	13669	14839	8862	12723	19564	10147	3646	4947	4009	8253	10031	7100	9062	9058	783	4851	12274	3974	1601	3721	5329	0
"226240"	1136	2232	1591	5013	1408	1955	5025	3468	847	2432	1326	0	1690	3930	1362	4859	2712	2100	1290	381	863	372	0	0	3613	4827	2473	3572	701	150	314	455	2807	0	0	1305	5552	4762	301	590	1253	425	2008	396	1487	0	1319	1816	1595	377	252	3037	4268	1268	842	1073	0	1118	1712	1538	259	325	2757	3055	945	1586	1087	2018	2270	0	0	515	1858	1197	161	695	2447	6523	5437	328	1110	1131	1249	0	0	1267	1778	1624	2353	1114	104	1451	1853	979	6183	557	797	1763	2163	0	854	2574	4962	5683	1027	4225	600	586	1402	2438	569	1093	1650	3260	1807	608	173	3911	578	276	1170	2306	0
"585878"	0	0	0	0	0	0	0	0	0	0	0	0	0	1	0	0	0	0	0	0	0	0	0	0	0	0	0	0	0	0	0	0	0	0	0	0	0	0	0	0	0	0	0	0	0	0	0	0	0	0	0	0	0	0	0	0	0	0	0	0	0	0	0	0	0	0	0	0	0	0	0	0	0	0	0	0	0	0	0	0	0	0	0	0	0	0	0	0	0	0	0	0	0	0	0	0	0	0	0	0	0	0	0	0	0	0	0	0	0	0	0	0	0	0	0	0	0	0	0	0	0	0	0
